Feature ID,Feature Name,Area / Module,Source File(s),Route / Screen / Command / Entry Point,User Type,User Story,Expected Behaviour,Actual Behaviour,Status,Test Type,Test Steps,Test Result,Error / Bug Found,Severity,Fix Required,Fix Implemented,Files Changed,Commit Hash,Retest Steps,Retest Result,Final Status,Product Decision Needed,Notes,Original Prompt
F-001,Landing page orientation,Landing,web/index.html; web/styles.css,/,First-time visitor,"As a first-time visitor, I want to understand MIRROR//LOOP immediately, so that I can decide whether to take the reflection.","The hero explains a two-minute, non-diagnostic reflection in plain language and presents one primary start action.","PASS — production landing page and accessibility tree clearly communicate the two-minute reflection and primary CTA. Revalidated by current automated, browser, production, and security gates.",Verified,Automated + browser,"Load / at desktop and mobile widths; inspect first viewport, heading, CTA, and copy.","PASS — production landing page and accessibility tree clearly communicate the two-minute reflection and primary CTA. Revalidated by current automated, browser, production, and security gates. Evidence: qa_evidence/feature-audit-2026-08-29/commands/node-gates.txt; qa_evidence/feature-audit-2026-08-29/commands/go-gates.txt; qa_evidence/feature-audit-2026-08-29/browser/local-browser-audit.json; qa_evidence/feature-audit-2026-08-29/commands/production-audit.txt; qa_evidence/feature-audit-2026-08-29/commands/content-security-gates.txt.",,None,No,No change required.,,,Repeat the documented test after any tracker-backed fix.,"PASS — production landing page and accessibility tree clearly communicate the two-minute reflection and primary CTA. Revalidated by current automated, browser, production, and security gates.",Verified,No,Evidence: qa_evidence/commands/; qa_evidence/logs/production-browser-qa.txt; feature-specific production and test records retained without secrets. Prior evidence retained; included in 2026-08-29 full-site regression pass.,Finish the MIRROR//LOOP website; make the quiz immediately understandable; deploy the subscriber magnet on GCP using the authorized $150 credit.
F-002,Shattered Compass attraction,Landing,web/index.html; web/images/shattered-compass-entry.webp,/ hero,Curious visitor,"As a curious visitor, I want to see a compelling entry image, so that I understand the visual world before starting.","The Shattered Compass is visible, meaningfully captioned, optimized, and links to the quiz.","PASS — production Card 012 image returns 200, has descriptive alternative text and caption, and links to the quiz. Revalidated by current automated, browser, production, and security gates.",Verified,Automated + browser,"Load /; verify Shattered Compass image loads, alternative text and caption explain its role, and activation reaches #quiz.","PASS — production Card 012 image returns 200, has descriptive alternative text and caption, and links to the quiz. Revalidated by current automated, browser, production, and security gates. Evidence: qa_evidence/feature-audit-2026-08-29/commands/node-gates.txt; qa_evidence/feature-audit-2026-08-29/commands/go-gates.txt; qa_evidence/feature-audit-2026-08-29/browser/local-browser-audit.json; qa_evidence/feature-audit-2026-08-29/commands/production-audit.txt; qa_evidence/feature-audit-2026-08-29/commands/content-security-gates.txt.",,None,No,No change required.,,,Repeat the documented test after any tracker-backed fix.,"PASS — production Card 012 image returns 200, has descriptive alternative text and caption, and links to the quiz. Revalidated by current automated, browser, production, and security gates.",Verified,No,Evidence: qa_evidence/commands/; qa_evidence/logs/production-browser-qa.txt; feature-specific production and test records retained without secrets. Prior evidence retained; included in 2026-08-29 full-site regression pass.,Finish the MIRROR//LOOP website; make the quiz immediately understandable; deploy the subscriber magnet on GCP using the authorized $150 credit.
F-003,How the reflection works,Education,web/index.html,/#how-it-works,Unfamiliar visitor,"As a visitor unfamiliar with the system, I want a simple explanation of the experience, so that I know what my result means.","Three plain-language steps explain choosing, pattern counting, and reflective—not fixed—interpretation.","PASS — production page exposes Choose, Notice, and Reflect in plain language. Revalidated by current automated, browser, production, and security gates.",Verified,Automated + browser,Navigate to #how-it-works; verify three steps and non-label framing.,"PASS — production page exposes Choose, Notice, and Reflect in plain language. Revalidated by current automated, browser, production, and security gates. Evidence: qa_evidence/feature-audit-2026-08-29/commands/node-gates.txt; qa_evidence/feature-audit-2026-08-29/commands/go-gates.txt; qa_evidence/feature-audit-2026-08-29/browser/local-browser-audit.json; qa_evidence/feature-audit-2026-08-29/commands/production-audit.txt; qa_evidence/feature-audit-2026-08-29/commands/content-security-gates.txt.",,None,No,No change required.,,,Repeat the documented test after any tracker-backed fix.,"PASS — production page exposes Choose, Notice, and Reflect in plain language. Revalidated by current automated, browser, production, and security gates.",Verified,No,Evidence: qa_evidence/commands/; qa_evidence/logs/production-browser-qa.txt; feature-specific production and test records retained without secrets. Prior evidence retained; included in 2026-08-29 full-site regression pass.,Finish the MIRROR//LOOP website; make the quiz immediately understandable; deploy the subscriber magnet on GCP using the authorized $150 credit.
F-004,Quiz entry,Quiz,web/index.html; web/app.js,/#quiz,Quiz participant,"As a participant, I want to begin the quiz confidently, so that I know its length and that there are no right answers.","Start state states 12 questions, gives selection guidance, and opens question 1.","PASS — browser activation opens Question 1 of 12 and moves focus to the question heading. Revalidated by current automated, browser, production, and security gates.",Verified,Automated + browser,"Activate start button; verify question 1, focus, and question count.","PASS — browser activation opens Question 1 of 12 and moves focus to the question heading. Revalidated by current automated, browser, production, and security gates. Evidence: qa_evidence/feature-audit-2026-08-29/commands/node-gates.txt; qa_evidence/feature-audit-2026-08-29/commands/go-gates.txt; qa_evidence/feature-audit-2026-08-29/browser/local-browser-audit.json; qa_evidence/feature-audit-2026-08-29/commands/production-audit.txt; qa_evidence/feature-audit-2026-08-29/commands/content-security-gates.txt.",,None,No,No change required.,,,Repeat the documented test after any tracker-backed fix.,"PASS — browser activation opens Question 1 of 12 and moves focus to the question heading. Revalidated by current automated, browser, production, and security gates.",Verified,No,Evidence: qa_evidence/commands/; qa_evidence/logs/production-browser-qa.txt; feature-specific production and test records retained without secrets. Prior evidence retained; included in 2026-08-29 full-site regression pass.,Finish the MIRROR//LOOP website; make the quiz immediately understandable; deploy the subscriber magnet on GCP using the authorized $150 credit.
F-005,Question answering and progress,Quiz,web/app.js; web/data/quiz.json; web/styles.css,Quiz panel,Quiz participant,"As a participant, I want to answer each question and see my progress, so that I can complete the reflection without confusion.","Exactly 12 questions render with 12 distinct choices, clear progress, one selection per question, and a disabled Next action until selection.","PASS — browser completed all 12 questions with correct progress and Next gating. Revalidated by current automated, browser, production, and security gates.",Verified,Automated + browser,"Complete all 12 questions; verify progress, selection, Next gating, and final action.","PASS — browser completed all 12 questions with correct progress and Next gating. Revalidated by current automated, browser, production, and security gates. Evidence: qa_evidence/feature-audit-2026-08-29/commands/node-gates.txt; qa_evidence/feature-audit-2026-08-29/commands/go-gates.txt; qa_evidence/feature-audit-2026-08-29/browser/local-browser-audit.json; qa_evidence/feature-audit-2026-08-29/commands/production-audit.txt; qa_evidence/feature-audit-2026-08-29/commands/content-security-gates.txt.",,None,No,No change required.,,,Repeat the documented test after any tracker-backed fix.,"PASS — browser completed all 12 questions with correct progress and Next gating. Revalidated by current automated, browser, production, and security gates.",Verified,No,Evidence: qa_evidence/commands/; qa_evidence/logs/production-browser-qa.txt; feature-specific production and test records retained without secrets. Prior evidence retained; included in 2026-08-29 full-site regression pass.,Finish the MIRROR//LOOP website; make the quiz immediately understandable; deploy the subscriber magnet on GCP using the authorized $150 credit.
F-006,Back navigation and answer revision,Quiz,web/app.js,Quiz panel Back button,Quiz participant,"As a participant, I want to return to earlier questions and change answers, so that my final reflection matches my intent.","Back preserves prior answers, highlights the selected choice, and allows revision without losing later answers.","PASS — browser back/edit test preserved option 0, accepted revision to option 2, and preserved the revised answer. Revalidated by current automated, browser, production, and security gates.",Verified,Automated + browser,Answer two questions; go Back; verify selection persists; change it and continue.,"PASS — browser back/edit test preserved option 0, accepted revision to option 2, and preserved the revised answer. Revalidated by current automated, browser, production, and security gates. Evidence: qa_evidence/feature-audit-2026-08-29/commands/node-gates.txt; qa_evidence/feature-audit-2026-08-29/commands/go-gates.txt; qa_evidence/feature-audit-2026-08-29/browser/local-browser-audit.json; qa_evidence/feature-audit-2026-08-29/commands/production-audit.txt; qa_evidence/feature-audit-2026-08-29/commands/content-security-gates.txt.",,None,No,No change required.,,,Repeat the documented test after any tracker-backed fix.,"PASS — browser back/edit test preserved option 0, accepted revision to option 2, and preserved the revised answer. Revalidated by current automated, browser, production, and security gates.",Verified,No,Evidence: qa_evidence/commands/; qa_evidence/logs/production-browser-qa.txt; feature-specific production and test records retained without secrets. Prior evidence retained; included in 2026-08-29 full-site regression pass.,Finish the MIRROR//LOOP website; make the quiz immediately understandable; deploy the subscriber magnet on GCP using the authorized $150 credit.
F-007,Deterministic result scoring,Quiz engine,web/lib/quiz-core.js; api/internal/subscriber/model.go,Quiz completion,Quiz participant,"As a participant, I want the same answers to produce the same result, so that the reflection is consistent.",Twelve answers are counted deterministically; ties use stable ascending card codes; browser and Go implementations agree.,"PASS — browser and Go deterministic scoring tests pass with stable ascending-code tie-break. Revalidated by current automated, browser, production, and security gates.",Verified,Automated + browser,Run JS and Go scoring tests with tied fixtures and compare dominant/secondary outputs.,"PASS — browser and Go deterministic scoring tests pass with stable ascending-code tie-break. Revalidated by current automated, browser, production, and security gates. Evidence: qa_evidence/feature-audit-2026-08-29/commands/node-gates.txt; qa_evidence/feature-audit-2026-08-29/commands/go-gates.txt; qa_evidence/feature-audit-2026-08-29/browser/local-browser-audit.json; qa_evidence/feature-audit-2026-08-29/commands/production-audit.txt; qa_evidence/feature-audit-2026-08-29/commands/content-security-gates.txt.",,None,No,No change required.,,,Repeat the documented test after any tracker-backed fix.,"PASS — browser and Go deterministic scoring tests pass with stable ascending-code tie-break. Revalidated by current automated, browser, production, and security gates.",Verified,No,Evidence: qa_evidence/commands/; qa_evidence/logs/production-browser-qa.txt; feature-specific production and test records retained without secrets. Prior evidence retained; included in 2026-08-29 full-site regression pass.,Finish the MIRROR//LOOP website; make the quiz immediately understandable; deploy the subscriber magnet on GCP using the authorized $150 credit.
F-008,Plain-language result,Results,web/app.js; web/lib/quiz-core.js; web/data/quiz.json,Result panel,Quiz participant,"As a participant, I want my result explained without technical jargon, so that I can apply it to a real choice today.","Result shows dominant pattern, supporting pattern, concise meaning, practical prompt, and explicit non-diagnostic boundary.","PASS — production result renders dominant/supporting patterns, meaning, practical prompt, and non-diagnostic boundary. Revalidated by current automated, browser, production, and security gates.",Verified,Automated + browser,"Complete quiz; verify result elements, plain-language copy, prompt, and boundary.","PASS — production result renders dominant/supporting patterns, meaning, practical prompt, and non-diagnostic boundary. Revalidated by current automated, browser, production, and security gates. Evidence: qa_evidence/feature-audit-2026-08-29/commands/node-gates.txt; qa_evidence/feature-audit-2026-08-29/commands/go-gates.txt; qa_evidence/feature-audit-2026-08-29/browser/local-browser-audit.json; qa_evidence/feature-audit-2026-08-29/commands/production-audit.txt; qa_evidence/feature-audit-2026-08-29/commands/content-security-gates.txt.",,None,No,No change required.,,,Repeat the documented test after any tracker-backed fix.,"PASS — production result renders dominant/supporting patterns, meaning, practical prompt, and non-diagnostic boundary. Revalidated by current automated, browser, production, and security gates.",Verified,No,Evidence: qa_evidence/commands/; qa_evidence/logs/production-browser-qa.txt; feature-specific production and test records retained without secrets. Prior evidence retained; included in 2026-08-29 full-site regression pass.,Finish the MIRROR//LOOP website; make the quiz immediately understandable; deploy the subscriber magnet on GCP using the authorized $150 credit.
F-009,Retake reflection,Results,web/app.js,Result panel Retake,Returning participant,"As a participant, I want to retake the quiz, so that I can reflect on a different moment.",Retake clears all answers and returns to question 1.,"PASS — production retake reset the flow to question 1 with cleared state. Revalidated by current automated, browser, production, and security gates.",Verified,Automated + browser,Complete quiz; activate retake; verify question 1 and no selected answer.,"PASS — production retake reset the flow to question 1 with cleared state. Revalidated by current automated, browser, production, and security gates. Evidence: qa_evidence/feature-audit-2026-08-29/commands/node-gates.txt; qa_evidence/feature-audit-2026-08-29/commands/go-gates.txt; qa_evidence/feature-audit-2026-08-29/browser/local-browser-audit.json; qa_evidence/feature-audit-2026-08-29/commands/production-audit.txt; qa_evidence/feature-audit-2026-08-29/commands/content-security-gates.txt.",,None,No,No change required.,,,Repeat the documented test after any tracker-backed fix.,"PASS — production retake reset the flow to question 1 with cleared state. Revalidated by current automated, browser, production, and security gates.",Verified,No,Evidence: qa_evidence/commands/; qa_evidence/logs/production-browser-qa.txt; feature-specific production and test records retained without secrets. Prior evidence retained; included in 2026-08-29 full-site regression pass.,Finish the MIRROR//LOOP website; make the quiz immediately understandable; deploy the subscriber magnet on GCP using the authorized $150 credit.
F-010,Optional email offer,Subscription UI,web/index.html; web/app.js; web/config.js,Result email card,Quiz participant,"As a participant, I want to see my result before choosing email, so that subscribing remains optional.","Result is available without email; when production subscription is enabled, the email offer appears only after the result.","PASS — production config enables the optional email card only after the result; result remains available without email. Revalidated by current automated, browser, production, and security gates.",Verified,Automated + browser,Complete quiz with subscriberEnabled false and true; verify result precedes optional form.,"PASS — production config enables the optional email card only after the result; result remains available without email. Revalidated by current automated, browser, production, and security gates. Evidence: qa_evidence/feature-audit-2026-08-29/commands/node-gates.txt; qa_evidence/feature-audit-2026-08-29/commands/go-gates.txt; qa_evidence/feature-audit-2026-08-29/browser/local-browser-audit.json; qa_evidence/feature-audit-2026-08-29/commands/production-audit.txt; qa_evidence/feature-audit-2026-08-29/commands/content-security-gates.txt.",,None,No,Enabled subscriber UI after the production API became healthy.,web/config.js,41658abc55cbfe16536285d46e994b636160a5f5,Repeat the documented test after any tracker-backed fix.,"PASS — production config enables the optional email card only after the result; result remains available without email. Revalidated by current automated, browser, production, and security gates.",Verified,No,Evidence: qa_evidence/commands/; qa_evidence/logs/production-browser-qa.txt; feature-specific production and test records retained without secrets. Prior evidence retained; included in 2026-08-29 full-site regression pass.,Finish the MIRROR//LOOP website; make the quiz immediately understandable; deploy the subscriber magnet on GCP using the authorized $150 credit.
F-011,Subscriber form validation and bot protection,Subscription UI/API,web/app.js; api/internal/subscriber/http.go; api/internal/subscriber/challenge.go,POST /api/v1/subscribers,Subscriber,"As a subscriber, I want a clear and secure signup form, so that I can request my result without accidental or automated abuse.","Valid email, explicit consent, complete answers, hidden honeypot, Turnstile token, bounded JSON, CORS, and actionable errors are enforced.","PASS — production rejects missing Turnstile tokens; temporary QA service passed Cloudflare official test token, input validation, CORS, and Resend handoff. Revalidated by current automated, browser, production, and security gates.",Verified,Automated + browser,Run API tests; submit malformed/no-consent/no-challenge requests; inspect browser validation and Turnstile.,"PASS — production rejects missing Turnstile tokens; temporary QA service passed Cloudflare official test token, input validation, CORS, and Resend handoff. Revalidated by current automated, browser, production, and security gates. Evidence: qa_evidence/feature-audit-2026-08-29/commands/node-gates.txt; qa_evidence/feature-audit-2026-08-29/commands/go-gates.txt; qa_evidence/feature-audit-2026-08-29/browser/local-browser-audit.json; qa_evidence/feature-audit-2026-08-29/commands/production-audit.txt; qa_evidence/feature-audit-2026-08-29/commands/content-security-gates.txt.",,None,No,"Deployed the Go API, provisioned secrets, trimmed secret values, corrected gcloud env parsing, and verified Cloudflare challenge enforcement.",api/cmd/server/main.go; api/cmd/server/main_test.go; deploy/deploy-api.sh,41658abc55cbfe16536285d46e994b636160a5f5,Repeat the documented test after any tracker-backed fix.,"PASS — production rejects missing Turnstile tokens; temporary QA service passed Cloudflare official test token, input validation, CORS, and Resend handoff. Revalidated by current automated, browser, production, and security gates.",Verified,No,Evidence: qa_evidence/commands/; qa_evidence/logs/production-browser-qa.txt; feature-specific production and test records retained without secrets. Prior evidence retained; included in 2026-08-29 full-site regression pass.,Finish the MIRROR//LOOP website; make the quiz immediately understandable; deploy the subscriber magnet on GCP using the authorized $150 credit.
F-012,Double opt-in confirmation,Subscriber API,api/internal/subscriber/service.go; api/internal/subscriber/token.go; api/internal/subscriber/mailer.go,GET /api/v1/subscribers/verify,Subscriber,"As a subscriber, I want to confirm ownership of my email, so that updates are sent only with my permission.",Signup stores pending status and sends a 48-hour signed confirmation link; confirmation activates the record and redirects to /confirmed.,"PASS — production-safe GET now presents an explicit confirmation form without state change; POST activates and redirects. QA remained pending after scanner wait and GET, then became active only after POST. Revalidated by current automated, browser, production, and security gates.",Verified,Automated + integration + production,Run service tests; production-submit valid form; follow confirmation link; verify redirect and active record.,"PASS — production-safe GET now presents an explicit confirmation form without state change; POST activates and redirects. QA remained pending after scanner wait and GET, then became active only after POST. Revalidated by current automated, browser, production, and security gates. Evidence: qa_evidence/feature-audit-2026-08-29/commands/node-gates.txt; qa_evidence/feature-audit-2026-08-29/commands/go-gates.txt; qa_evidence/feature-audit-2026-08-29/browser/local-browser-audit.json; qa_evidence/feature-audit-2026-08-29/commands/production-audit.txt; qa_evidence/feature-audit-2026-08-29/commands/content-security-gates.txt.",,None,No,Changed confirmation from state-changing GET to scanner-safe GET form plus explicit POST; added regression coverage.,api/internal/subscriber/http.go; api/internal/subscriber/http_test.go; api/internal/subscriber/service.go,41658abc55cbfe16536285d46e994b636160a5f5,Repeat the documented test after any tracker-backed fix.,"PASS — production-safe GET now presents an explicit confirmation form without state change; POST activates and redirects. QA remained pending after scanner wait and GET, then became active only after POST. Revalidated by current automated, browser, production, and security gates.",Verified,No,Evidence: qa_evidence/commands/; qa_evidence/logs/production-browser-qa.txt; feature-specific production and test records retained without secrets. Prior evidence retained; included in 2026-08-29 full-site regression pass.,Finish the MIRROR//LOOP website; make the quiz immediately understandable; deploy the subscriber magnet on GCP using the authorized $150 credit.
F-013,Reflection delivery and unsubscribe,Subscriber API,api/internal/subscriber/service.go; api/internal/subscriber/mailer.go; api/internal/subscriber/http.go,Confirmation email; reflection email; unsubscribe link,Confirmed subscriber,"As a confirmed subscriber, I want my reflection and a working unsubscribe link, so that I receive the promised value and retain control.",Confirmation sends the dominant/supporting result; every reflection includes a signed unsubscribe link that suppresses future updates.,"PASS — QA confirmation and reflection were accepted by Resend; GET unsubscribe preserved active state and POST changed it to unsubscribed. Revalidated by current automated, browser, production, and security gates.",Verified,Automated + integration + production,"After confirmation, verify reflection email content and activate unsubscribe link; verify suppression state.","PASS — QA confirmation and reflection were accepted by Resend; GET unsubscribe preserved active state and POST changed it to unsubscribed. Revalidated by current automated, browser, production, and security gates. Evidence: qa_evidence/feature-audit-2026-08-29/commands/node-gates.txt; qa_evidence/feature-audit-2026-08-29/commands/go-gates.txt; qa_evidence/feature-audit-2026-08-29/browser/local-browser-audit.json; qa_evidence/feature-audit-2026-08-29/commands/production-audit.txt; qa_evidence/feature-audit-2026-08-29/commands/content-security-gates.txt.",,None,No,"Added monitored Reply-To, fixed newline-contaminated provider secrets, made unsubscribe GET scanner-safe and POST state-changing, and added tests.",api/cmd/server/main.go; api/internal/subscriber/mailer.go; api/internal/subscriber/mailer_test.go; api/internal/subscriber/http.go; api/internal/subscriber/http_test.go,41658abc55cbfe16536285d46e994b636160a5f5,Repeat the documented test after any tracker-backed fix.,"PASS — QA confirmation and reflection were accepted by Resend; GET unsubscribe preserved active state and POST changed it to unsubscribed. Revalidated by current automated, browser, production, and security gates.",Verified,No,Evidence: qa_evidence/commands/; qa_evidence/logs/production-browser-qa.txt; feature-specific production and test records retained without secrets. Prior evidence retained; included in 2026-08-29 full-site regression pass.,Finish the MIRROR//LOOP website; make the quiz immediately understandable; deploy the subscriber magnet on GCP using the authorized $150 credit.
F-014,Privacy notice and contact,Trust,web/privacy.html; web/index.html,/privacy; footer Contact,Privacy-conscious visitor,"As a visitor, I want to know what is stored and how to request deletion, so that I can make an informed choice.","Privacy notice accurately states stored fields, individual-answer exclusion, providers, retention, and offers a working monitored contact address.","PASS — privacy claims match stored schema; monitored Google Workspace contact is published and configured as Reply-To. Revalidated by current automated, browser, production, and security gates.",Verified,Automated + browser,Open /privacy and footer contact; verify claims against storage and confirm address is deliverable/monitored.,"PASS — privacy claims match stored schema; monitored Google Workspace contact is published and configured as Reply-To. Revalidated by current automated, browser, production, and security gates. Evidence: qa_evidence/feature-audit-2026-08-29/commands/node-gates.txt; qa_evidence/feature-audit-2026-08-29/commands/go-gates.txt; qa_evidence/feature-audit-2026-08-29/browser/local-browser-audit.json; qa_evidence/feature-audit-2026-08-29/commands/production-audit.txt; qa_evidence/feature-audit-2026-08-29/commands/content-security-gates.txt.",,None,No,Replaced the nonexistent privacy mailbox with the monitored Google Workspace address.,web/index.html; web/privacy.html; api/internal/subscriber/mailer.go,41658abc55cbfe16536285d46e994b636160a5f5,Repeat the documented test after any tracker-backed fix.,"PASS — privacy claims match stored schema; monitored Google Workspace contact is published and configured as Reply-To. Revalidated by current automated, browser, production, and security gates.",Verified,No,Evidence: qa_evidence/commands/; qa_evidence/logs/production-browser-qa.txt; feature-specific production and test records retained without secrets. Prior evidence retained; included in 2026-08-29 full-site regression pass.,Finish the MIRROR//LOOP website; make the quiz immediately understandable; deploy the subscriber magnet on GCP using the authorized $150 credit.
F-015,Confirmation landing page,Subscription UI,web/confirmed.html,/confirmed,New subscriber,"As a newly confirmed subscriber, I want clear confirmation, so that I know the process succeeded and what happens next.","Page confirms success, states the reflection is coming, and offers a route home.","PASS — /confirmed returns 200 with success message, expected next step, home link, and noindex. Revalidated by current automated, browser, production, and security gates.",Verified,Automated + browser,"Open /confirmed; inspect copy, navigation, mobile layout, and noindex.","PASS — /confirmed returns 200 with success message, expected next step, home link, and noindex. Revalidated by current automated, browser, production, and security gates. Evidence: qa_evidence/feature-audit-2026-08-29/commands/node-gates.txt; qa_evidence/feature-audit-2026-08-29/commands/go-gates.txt; qa_evidence/feature-audit-2026-08-29/browser/local-browser-audit.json; qa_evidence/feature-audit-2026-08-29/commands/production-audit.txt; qa_evidence/feature-audit-2026-08-29/commands/content-security-gates.txt.",,None,No,No change required.,,,Repeat the documented test after any tracker-backed fix.,"PASS — /confirmed returns 200 with success message, expected next step, home link, and noindex. Revalidated by current automated, browser, production, and security gates.",Verified,No,Evidence: qa_evidence/commands/; qa_evidence/logs/production-browser-qa.txt; feature-specific production and test records retained without secrets. Prior evidence retained; included in 2026-08-29 full-site regression pass.,Finish the MIRROR//LOOP website; make the quiz immediately understandable; deploy the subscriber magnet on GCP using the authorized $150 credit.
F-016,Responsive and accessible use,Cross-cutting UX,web/index.html; web/styles.css; web/app.js,All public screens,Mobile and assistive-technology user,"As a mobile or assistive-technology user, I want readable, keyboard-operable pages, so that I can complete the experience independently.","No horizontal overflow at common mobile sizes; semantic headings, focus movement, labels, progress semantics, contrast, and keyboard interactions work.","PASS — 390px production browser has zero horizontal overflow; final Lighthouse scores are 100 for accessibility, best practices, SEO, and agentic browsing. Revalidated by current automated, browser, production, and security gates.",Verified,Automated + browser,Keyboard-test quiz; inspect 390px and desktop layouts; run browser accessibility audit and overflow check.,"PASS — 390px production browser has zero horizontal overflow; final Lighthouse scores are 100 for accessibility, best practices, SEO, and agentic browsing. Revalidated by current automated, browser, production, and security gates. Evidence: qa_evidence/feature-audit-2026-08-29/commands/node-gates.txt; qa_evidence/feature-audit-2026-08-29/commands/go-gates.txt; qa_evidence/feature-audit-2026-08-29/browser/local-browser-audit.json; qa_evidence/feature-audit-2026-08-29/commands/production-audit.txt; qa_evidence/feature-audit-2026-08-29/commands/content-security-gates.txt.",,None,No,Corrected low-contrast form-note text on the light email card.,web/styles.css,41658abc55cbfe16536285d46e994b636160a5f5,Repeat the documented test after any tracker-backed fix.,"PASS — 390px production browser has zero horizontal overflow; final Lighthouse scores are 100 for accessibility, best practices, SEO, and agentic browsing. Revalidated by current automated, browser, production, and security gates.",Verified,No,Evidence: qa_evidence/commands/; qa_evidence/logs/production-browser-qa.txt; feature-specific production and test records retained without secrets. Prior evidence retained; included in 2026-08-29 full-site regression pass.,Finish the MIRROR//LOOP website; make the quiz immediately understandable; deploy the subscriber magnet on GCP using the authorized $150 credit.
F-017,Failure and recovery states,Reliability,web/app.js; api/internal/subscriber/http.go,Quiz load; subscribe; invalid links,Visitor or subscriber,"As a user encountering a failure, I want a clear message and a retry path, so that I am not stranded.","Quiz-load, invalid form, failed API, expired confirmation, and invalid unsubscribe states provide safe human-readable feedback without exposing internals.","PASS — invalid confirmation returns safe 400; form/API messages are bounded; Turnstile expiration/failure callbacks now provide recovery instructions. Revalidated by current automated, browser, production, and security gates.",Verified,Automated + browser,Simulate quiz fetch failure and API errors; open invalid verify/unsubscribe links; inspect recovery copy.,"PASS — invalid confirmation returns safe 400; form/API messages are bounded; Turnstile expiration/failure callbacks now provide recovery instructions. Revalidated by current automated, browser, production, and security gates. Evidence: qa_evidence/feature-audit-2026-08-29/commands/node-gates.txt; qa_evidence/feature-audit-2026-08-29/commands/go-gates.txt; qa_evidence/feature-audit-2026-08-29/browser/local-browser-audit.json; qa_evidence/feature-audit-2026-08-29/commands/production-audit.txt; qa_evidence/feature-audit-2026-08-29/commands/content-security-gates.txt.",,None,No,Added human-readable Turnstile expired/error recovery messages and a routed API health endpoint.,web/app.js; api/internal/subscriber/http.go,41658abc55cbfe16536285d46e994b636160a5f5,Repeat the documented test after any tracker-backed fix.,"PASS — invalid confirmation returns safe 400; form/API messages are bounded; Turnstile expiration/failure callbacks now provide recovery instructions. Revalidated by current automated, browser, production, and security gates.",Verified,No,Evidence: qa_evidence/commands/; qa_evidence/logs/production-browser-qa.txt; feature-specific production and test records retained without secrets. Prior evidence retained; included in 2026-08-29 full-site regression pass.,Finish the MIRROR//LOOP website; make the quiz immediately understandable; deploy the subscriber magnet on GCP using the authorized $150 credit.
F-018,Private corpus and security boundary,Security,scripts/validate-site.mjs; firebase.json; deploy/firestore.rules; api/internal/subscriber/http.go,Public site and API,Public visitor,"As a visitor, I want the public experience to protect private source material and my data, so that reflection content and signup data remain appropriately bounded.",No private Rosicrucian/Geneva corpus paths or full texts are exposed; Firestore denies client access; secure headers and service-side secrets are used.,"PASS — validation found no private corpus identifiers; Firestore client access is denied; production sends CSP, HSTS, referrer, permissions, and nosniff headers. Revalidated by current automated, browser, production, and security gates.",Verified,Automated + browser,"Run site validation; inspect public assets, headers, Firestore rules, and deployed responses for leakage.","PASS — validation found no private corpus identifiers; Firestore client access is denied; production sends CSP, HSTS, referrer, permissions, and nosniff headers. Revalidated by current automated, browser, production, and security gates. Evidence: qa_evidence/feature-audit-2026-08-29/commands/node-gates.txt; qa_evidence/feature-audit-2026-08-29/commands/go-gates.txt; qa_evidence/feature-audit-2026-08-29/browser/local-browser-audit.json; qa_evidence/feature-audit-2026-08-29/commands/production-audit.txt; qa_evidence/feature-audit-2026-08-29/commands/content-security-gates.txt.",,None,No,No change required.,,,Repeat the documented test after any tracker-backed fix.,"PASS — validation found no private corpus identifiers; Firestore client access is denied; production sends CSP, HSTS, referrer, permissions, and nosniff headers. Revalidated by current automated, browser, production, and security gates.",Verified,No,Evidence: qa_evidence/commands/; qa_evidence/logs/production-browser-qa.txt; feature-specific production and test records retained without secrets. Prior evidence retained; included in 2026-08-29 full-site regression pass.,Finish the MIRROR//LOOP website; make the quiz immediately understandable; deploy the subscriber magnet on GCP using the authorized $150 credit.
F-019,Production availability and cost guardrails,Operations,firebase.json; deploy/bootstrap-gcp.sh; deploy/deploy-api.sh; deploy/firestore.indexes.json,mirrorloopai.com; GCP project mirrorloopai-com,Site operator,"As the site operator, I want the quiz and subscriber API live with bounded cloud spend, so that the lead magnet works without uncontrolled cost.","Custom domain serves the site; API rewrite reaches Cloud Run; minimum instances are zero, maximum instances are capped, billing budget alerts exist, and health checks pass.","PASS — mirrorloopai.com, privacy, confirmed, and API health routes are live; www redirects; billing is linked; $10 budget alerts exist; Cloud Run is Ready with min 0/max 1 and temporary QA service removed. Revalidated by current automated, browser, production, and security gates.",Verified,Automated + integration + production,"Verify billing link, budget, enabled APIs, Cloud Run caps/health, Firebase rewrite, TLS, and custom domain.","PASS — mirrorloopai.com, privacy, confirmed, and API health routes are live; www redirects; billing is linked; $10 budget alerts exist; Cloud Run is Ready with min 0/max 1 and temporary QA service removed. Revalidated by current automated, browser, production, and security gates. Evidence: qa_evidence/feature-audit-2026-08-29/commands/node-gates.txt; qa_evidence/feature-audit-2026-08-29/commands/go-gates.txt; qa_evidence/feature-audit-2026-08-29/browser/local-browser-audit.json; qa_evidence/feature-audit-2026-08-29/commands/production-audit.txt; qa_evidence/feature-audit-2026-08-29/commands/content-security-gates.txt.",,None,No,"Linked billing, created a $10 monthly budget with 25/50/80/100% alerts, provisioned Firestore/TTL/secrets/service account, capped Cloud Run at one instance, deployed the Firebase rewrite, and declared the live TTL override for repeatable full deploys.",deploy/bootstrap-gcp.sh; deploy/deploy-api.sh; deploy/firestore.indexes.json; firebase.json; web/config.js,41658abc55cbfe16536285d46e994b636160a5f5,Repeat the documented test after any tracker-backed fix.,"PASS — mirrorloopai.com, privacy, confirmed, and API health routes are live; www redirects; billing is linked; $10 budget alerts exist; Cloud Run is Ready with min 0/max 1 and temporary QA service removed. Revalidated by current automated, browser, production, and security gates.",Verified,No,Evidence: qa_evidence/commands/; qa_evidence/logs/production-browser-qa.txt; qa_evidence/logs/firebase-full-deploy-final.txt; feature-specific production and test records retained without secrets. Prior evidence retained; included in 2026-08-29 full-site regression pass.,Finish the MIRROR//LOOP website; make the quiz immediately understandable; deploy the subscriber magnet on GCP using the authorized $150 credit.
F-020,Privacy-preserving conversion analytics,Analytics and operations,web/app.js; web/privacy.html; api/internal/analytics; api/internal/subscriber/http.go; api/internal/subscriber/service.go; api/cmd/analytics-report,Quiz start; quiz result; confirmed subscription; operator analytics report,Site operator and privacy-conscious visitor,"As the site operator, I want aggregate counts of quiz starts, quiz completions, and confirmed subscriptions, so that I can improve conversion without profiling individual visitors.","The app records only allowlisted aggregate funnel counters by UTC day and total; quiz events carry no email, answers, IP, cookie, fingerprint, or persistent visitor ID; confirmation is recorded server-side only; duplicate browser events are bounded per tab session; private counters deny direct client access; an authenticated operator command reports counts and conversion rates.","PASS — production records only daily and total allowlisted counters; browser payloads contain only the event name; confirmation counting is server-side; direct Firestore reads are denied; the authenticated report returns counts and rates. Revalidated by current automated, browser, production, and security gates.",Verified,Automated + integration + production,Verify no analytics network event before interaction; begin and complete the quiz; confirm only allowlisted event payloads; exercise invalid event and oversized/unknown-field rejection; prove aggregate-only Firestore shape and denied anonymous reads; confirm a subscription records server-side; run the authenticated operator report; inspect privacy copy; regression-test the quiz and subscriber flow.,"PASS — production records only daily and total allowlisted counters; browser payloads contain only the event name; confirmation counting is server-side; direct Firestore reads are denied; the authenticated report returns counts and rates. Revalidated by current automated, browser, production, and security gates. Evidence: qa_evidence/feature-audit-2026-08-29/commands/node-gates.txt; qa_evidence/feature-audit-2026-08-29/commands/go-gates.txt; qa_evidence/feature-audit-2026-08-29/browser/local-browser-audit.json; qa_evidence/feature-audit-2026-08-29/commands/production-audit.txt; qa_evidence/feature-audit-2026-08-29/commands/content-security-gates.txt.",,None,No,"Added an aggregate-only Firestore recorder, allowlisted first-party event endpoint, per-tab duplicate suppression, server-side confirmation counting, authenticated operator report, privacy disclosure, and production deployment.",web/app.js; web/lib/analytics.js; web/tests/analytics.test.mjs; web/privacy.html; api/internal/analytics; api/internal/subscriber/http.go; api/internal/subscriber/service.go; api/cmd/analytics-report; Makefile; docs/MirrorLoopAI_Subscriber_Magnet_Architecture_2026_08_25.html; CHANGELOG.md,41ccce140e13759d970ffd4d7b7dc3f5ada9372c,Repeat all F-020 test steps and affected F-004 through F-018 regressions after implementation and deployment.,"PASS — production records only daily and total allowlisted counters; browser payloads contain only the event name; confirmation counting is server-side; direct Firestore reads are denied; the authenticated report returns counts and rates. Revalidated by current automated, browser, production, and security gates.",Verified,No,Evidence: qa_evidence/commands/analytics-local-final-gates.txt; qa_evidence/commands/analytics-production-api.txt; qa_evidence/commands/analytics-production-firestore-corrected.txt; qa_evidence/commands/analytics-production-reset.txt; qa_evidence/logs/analytics-production-browser.txt; qa_evidence/logs/lighthouse-production-mobile-analytics-final.json. Production QA counters were reset to zero after verification. Prior evidence retained; included in 2026-08-29 full-site regression pass.,"Add privacy-preserving conversion analytics for quiz starts, completions, and confirmed subscriptions."
F-021,Unfamiliar first-time visitor orientation,Persona journey,web/index.html; web/styles.css,Landing page through quiz entry,First-time visitor unfamiliar with MIRROR//LOOP,"As a first-time visitor unfamiliar with MIRROR//LOOP, I want to understand what I will receive before I start, so that I can decide whether the reflection is worth two minutes.","Within the initial viewport and before quiz entry, the visitor can identify the experience, time commitment, output, privacy boundary, and immediate start action without understanding the 144-card system.",PASS — current automated and browser regression gates satisfy the story; prior evidence remains linked in Notes.,Verified,Persona walkthrough + automated + browser,"Review production at desktop and mobile widths; state what the product is after a five-second scan; identify duration, required data, result, and start action; follow the card-image interaction.",PASS — current automated and browser regression gates satisfy the story; prior evidence remains linked in Notes. Evidence: qa_evidence/feature-audit-2026-08-29/commands/node-gates.txt; qa_evidence/feature-audit-2026-08-29/commands/go-gates.txt; qa_evidence/feature-audit-2026-08-29/browser/local-browser-audit.json; qa_evidence/feature-audit-2026-08-29/commands/production-audit.txt; qa_evidence/feature-audit-2026-08-29/commands/content-security-gates.txt.,,None,No,"Moved the mobile hero copy and CTA before the card, reduced the mobile card footprint, and clarified that Card 012 is a visual preview rather than the quiz result.",web/index.html; web/styles.css,7f06937bcbdb9d91c2c243920f8d68a06784f064,Repeat the persona walkthrough and all affected existing feature stories after any tracker-backed fix.,PASS — current automated and browser regression gates satisfy the story; prior evidence remains linked in Notes.,Verified,No,Evidence: qa_evidence/screenshots/persona-mobile-landing-before.png; qa_evidence/screenshots/persona-mobile-landing-after-production.png Prior evidence retained; included in 2026-08-29 full-site regression pass.,Audit the MIRROR//LOOP website from several different user personas and improve it.
F-022,Skeptical visitor trust and claim boundaries,Persona journey,web/index.html; web/privacy.html; web/data/quiz.json,"Landing, quiz, result, privacy notice",Skeptical evidence-conscious visitor,"As a skeptical visitor, I want clear limits on what the quiz can and cannot tell me, so that I can engage without being misled by mystical or diagnostic claims.","Copy consistently presents the quiz as a reflective prompt rather than a diagnosis, prediction, personality test, or scientific measurement; unfamiliar symbols do not imply unsupported authority.",PASS — current automated and browser regression gates satisfy the story; prior evidence remains linked in Notes.,Verified,Persona walkthrough + automated + browser,"Inspect hero, instructions, all question labels, result, subscription offer, and privacy notice for predictive, diagnostic, scientific, or coercive framing; verify boundary copy is visible before and after the quiz.",PASS — current automated and browser regression gates satisfy the story; prior evidence remains linked in Notes. Evidence: qa_evidence/feature-audit-2026-08-29/commands/node-gates.txt; qa_evidence/feature-audit-2026-08-29/commands/go-gates.txt; qa_evidence/feature-audit-2026-08-29/browser/local-browser-audit.json; qa_evidence/feature-audit-2026-08-29/commands/production-audit.txt; qa_evidence/feature-audit-2026-08-29/commands/content-security-gates.txt.,,None,No,Replaced public section labels and result domains with plain-language topics and added an automated loaded-language guard.,web/data/quiz.json; web/tests/quiz-core.test.mjs,7f06937bcbdb9d91c2c243920f8d68a06784f064,Repeat the persona walkthrough and all affected existing feature stories after any tracker-backed fix.,PASS — current automated and browser regression gates satisfy the story; prior evidence remains linked in Notes.,Verified,No,Evidence: qa_evidence/persona-audit/content-inventory.txt; qa_evidence/persona-audit/persona-retest-after.txt Prior evidence retained; included in 2026-08-29 full-site regression pass.,Audit the MIRROR//LOOP website from several different user personas and improve it.
F-023,Time-pressed mobile completion,Persona journey,web/index.html; web/styles.css; web/app.js; web/data/quiz.json,Mobile landing and 12-question flow,Time-pressed mobile visitor,"As a visitor with only a few minutes on a phone, I want each choice and navigation step to be quick to scan and operate, so that I can finish without fatigue or uncertainty.",The start action is obvious; the page states the effort; every question fits a clear mobile rhythm; answer choices use plain language; selected state and Next action are unmistakable; completion requires no email.,PASS — current automated and browser regression gates satisfy the story; prior evidence remains linked in Notes.,Verified,Persona walkthrough + automated + browser,"Run the complete quiz at 390x844; inspect first, middle, and last questions; count choices and taps; verify selected state, progress, back navigation, result arrival, no horizontal overflow, and optional email boundary.",PASS — current automated and browser regression gates satisfy the story; prior evidence remains linked in Notes. Evidence: qa_evidence/feature-audit-2026-08-29/commands/node-gates.txt; qa_evidence/feature-audit-2026-08-29/commands/go-gates.txt; qa_evidence/feature-audit-2026-08-29/browser/local-browser-audit.json; qa_evidence/feature-audit-2026-08-29/commands/production-audit.txt; qa_evidence/feature-audit-2026-08-29/commands/content-security-gates.txt.,,None,No,"Changed the simultaneous 12-option display into four accessible response disclosures with three visible choices, plain summaries, and sticky mobile controls.",web/app.js; web/lib/quiz-core.js; web/styles.css; web/index.html,7f06937bcbdb9d91c2c243920f8d68a06784f064,Repeat the persona walkthrough and all affected existing feature stories after any tracker-backed fix.,PASS — current automated and browser regression gates satisfy the story; prior evidence remains linked in Notes.,Verified,No,Evidence: qa_evidence/persona-audit/persona-retest-after.txt; qa_evidence/persona-audit/lighthouse-mobile-final.json Prior evidence retained; included in 2026-08-29 full-site regression pass.,Audit the MIRROR//LOOP website from several different user personas and improve it.
F-024,Privacy-conscious anonymous journey,Persona journey,web/index.html; web/app.js; web/privacy.html; web/lib/analytics.js,Landing through result without subscription,Privacy-conscious visitor,"As a privacy-conscious visitor, I want to complete the reflection anonymously and understand any measurement that occurs, so that I remain in control of my information.",The visitor can reach the result without email; concise privacy information is available before starting; analytics and email collection are explained in accessible language; no hidden form or challenge blocks anonymous completion.,PASS — current automated and browser regression gates satisfy the story; prior evidence remains linked in Notes.,Verified,Persona walkthrough + automated + browser,Complete the quiz without email; inspect browser storage and network payloads; find privacy disclosure from the initial journey; verify the privacy notice distinguishes aggregate analytics from subscription data.,PASS — current automated and browser regression gates satisfy the story; prior evidence remains linked in Notes. Evidence: qa_evidence/feature-audit-2026-08-29/commands/node-gates.txt; qa_evidence/feature-audit-2026-08-29/commands/go-gates.txt; qa_evidence/feature-audit-2026-08-29/browser/local-browser-audit.json; qa_evidence/feature-audit-2026-08-29/commands/production-audit.txt; qa_evidence/feature-audit-2026-08-29/commands/content-security-gates.txt.,,None,No,Added point-of-decision privacy copy and deferred third-party Turnstile loading until the optional email form appears after the result.,web/index.html; web/app.js; scripts/validate-site.mjs,7f06937bcbdb9d91c2c243920f8d68a06784f064,Repeat the persona walkthrough and all affected existing feature stories after any tracker-backed fix.,PASS — current automated and browser regression gates satisfy the story; prior evidence remains linked in Notes.,Verified,No,Evidence: qa_evidence/persona-audit/persona-retest-after.txt; qa_evidence/persona-audit/production-route-and-copy-checks.txt Prior evidence retained; included in 2026-08-29 full-site regression pass.,Audit the MIRROR//LOOP website from several different user personas and improve it.
F-025,Keyboard and screen-reader quiz journey,Persona journey,web/index.html; web/app.js; web/styles.css,"Landing, quiz, result, subscription form",Keyboard-only and screen-reader user,"As a keyboard or screen-reader user, I want meaningful focus, group labels, progress, status, and error announcements, so that I can complete every public flow independently.",Tab order follows the visual flow; focus is visible; each question and answer group is announced; progress changes are understandable; selected answers expose state; result and form status receive meaningful announcements; no keyboard trap exists.,"PASS — skip link, visible focus, answer button state, group labels, question focus transitions, result semantics, and mobile Lighthouse accessibility all passed. Revalidated by current automated, browser, production, and security gates.",Verified,Persona walkthrough + automated + browser,"Use keyboard only from skip link through result and subscription controls; inspect the accessibility tree at each major state; test reduced motion; run Lighthouse accessibility and check focus after answer, Next, Back, result, and retake.","PASS — skip link, visible focus, answer button state, group labels, question focus transitions, result semantics, and mobile Lighthouse accessibility all passed. Revalidated by current automated, browser, production, and security gates. Evidence: qa_evidence/feature-audit-2026-08-29/commands/node-gates.txt; qa_evidence/feature-audit-2026-08-29/commands/go-gates.txt; qa_evidence/feature-audit-2026-08-29/browser/local-browser-audit.json; qa_evidence/feature-audit-2026-08-29/commands/production-audit.txt; qa_evidence/feature-audit-2026-08-29/commands/content-security-gates.txt.",,None,No,No change required.,,7f06937bcbdb9d91c2c243920f8d68a06784f064,"Repeat keyboard selection, disclosure operation, Next/Back focus movement, result focus, retake, overflow, and Lighthouse checks after the adjacent quiz redesign.","PASS — skip link, visible focus, answer button state, group labels, question focus transitions, result semantics, and mobile Lighthouse accessibility all passed. Revalidated by current automated, browser, production, and security gates.",Verified,No,Evidence: qa_evidence/persona-audit/persona-findings-before.txt; qa_evidence/persona-audit/persona-retest-after.txt; qa_evidence/persona-audit/lighthouse-mobile-final.json. Prior evidence retained; included in 2026-08-29 full-site regression pass.,Audit the MIRROR//LOOP website from several different user personas and improve it.
F-026,Emotionally vulnerable visitor safety,Persona journey,web/index.html; web/data/quiz.json; web/lib/quiz-core.js,Quiz questions and result,Visitor seeking meaning during stress,"As a visitor using the reflection during a stressful moment, I want language that is nonjudgmental and actionable, so that the result supports reflection without defining or alarming me.","Questions avoid shame and deterministic labels; the result explains strengths and limits in ordinary language; the suggested action is small and safe; the experience does not imply crisis, fate, pathology, or guaranteed transformation.",PASS — current automated and browser regression gates satisfy the story; prior evidence remains linked in Notes.,Verified,Persona walkthrough + automated + browser,"Read every question, all answer options, all 12 result summaries, and prompts through a psychological-safety lens; verify boundary language and check whether loaded labels are explained or softened.",PASS — current automated and browser regression gates satisfy the story; prior evidence remains linked in Notes. Evidence: qa_evidence/feature-audit-2026-08-29/commands/node-gates.txt; qa_evidence/feature-audit-2026-08-29/commands/go-gates.txt; qa_evidence/feature-audit-2026-08-29/browser/local-browser-audit.json; qa_evidence/feature-audit-2026-08-29/commands/production-audit.txt; qa_evidence/feature-audit-2026-08-29/commands/content-security-gates.txt.,,None,No,"Rewrote loaded question topics and selected answer labels in calm, ordinary language while preserving intent and scoring codes.",web/data/quiz.json; web/tests/quiz-core.test.mjs,7f06937bcbdb9d91c2c243920f8d68a06784f064,Repeat the persona walkthrough and all affected existing feature stories after any tracker-backed fix.,PASS — current automated and browser regression gates satisfy the story; prior evidence remains linked in Notes.,Verified,No,Evidence: qa_evidence/persona-audit/persona-retest-after.txt Prior evidence retained; included in 2026-08-29 full-site regression pass.,Audit the MIRROR//LOOP website from several different user personas and improve it.
F-027,Returning visitor result comprehension,Persona journey,web/index.html; web/app.js; web/lib/quiz-core.js,"Result, supporting pattern, retake, email offer",Returning or comparison-oriented visitor,"As a returning visitor, I want to understand the primary and supporting patterns and retake intentionally, so that I can compare reflections without mistaking them for permanent scores.","The result explains why two patterns are shown, what each contributes, and what changes on retake; the visitor can retake without stale answers or mandatory subscription.",PASS — current automated and browser regression gates satisfy the story; prior evidence remains linked in Notes.,Verified,Persona walkthrough + automated + browser,Complete the quiz with a known answer sequence; assess whether primary and supporting pattern meanings are self-contained; retake with a different sequence; verify answers reset and result framing remains a current snapshot.,PASS — current automated and browser regression gates satisfy the story; prior evidence remains linked in Notes. Evidence: qa_evidence/feature-audit-2026-08-29/commands/node-gates.txt; qa_evidence/feature-audit-2026-08-29/commands/go-gates.txt; qa_evidence/feature-audit-2026-08-29/browser/local-browser-audit.json; qa_evidence/feature-audit-2026-08-29/commands/production-audit.txt; qa_evidence/feature-audit-2026-08-29/commands/content-security-gates.txt.,,None,No,"Added primary frequency, supporting-pattern explanation and frequency, and a zero-count safeguard; retained complete retake reset behavior.",web/app.js; web/index.html; web/lib/quiz-core.js; web/styles.css; web/tests/quiz-core.test.mjs,7f06937bcbdb9d91c2c243920f8d68a06784f064,Repeat the persona walkthrough and all affected existing feature stories after any tracker-backed fix.,PASS — current automated and browser regression gates satisfy the story; prior evidence remains linked in Notes.,Verified,No,Evidence: qa_evidence/persona-audit/persona-retest-after.txt Prior evidence retained; included in 2026-08-29 full-site regression pass.,Audit the MIRROR//LOOP website from several different user personas and improve it.
F-028,Release asset coherence,Production delivery,web/index.html; web/privacy.html; web/confirmed.html; web/app.js; web/styles.css,All production pages after a deploy,Returning visitor with cached assets,"As a returning visitor, I want each deployed page to load mutually compatible code and styles, so that an update cannot leave me with a broken mixed-version experience.",HTML references versioned app and style assets; app module imports are versioned together; a production reload after deployment exposes the new DOM behavior without requiring users to clear their browser cache.,"PASS — production now serves the audited WebMCP release with the origin-trial token, current versioned bundles, active shop configuration, and matching metadata.",Fixed,Production cache regression,"Deploy changed HTML, CSS, app.js, and module dependencies; reload from an existing browser session; verify the new section labels, response-group elements, styling, and result behavior load as one release.",PASS — local and deployed asset markers match the audited release. Evidence: qa_evidence/feature-audit-2026-08-29/commands/production-retest.txt; qa_evidence/feature-audit-2026-08-29/commands/firebase-hosting-deploy.txt.,INITIAL FAILURE — Public release is not coherent with the competition repository.,Critical,Yes,"Deployed the versioned static bundle and verified release markers, security headers, and API health on mirrorloopai.com.",web/index.html; web/app.js; web/config.js; web/lib/webmcp.js; web/shop.html; web/shop.js; web/styles.css; web/llms.txt,9740b57,Repeat the documented scenario on the deployed origin and rerun the targeted automated and browser regression gates.,"PASS — public origin reports app.js?v=20260829-3, origin trial present, WebMCP import present, shop enabled, and API health OK.",Verified,No,"Evidence: qa_evidence/persona-audit/production-route-and-copy-checks.txt; qa_evidence/persona-audit/persona-retest-after.txt Prior evidence retained; included in 2026-08-29 full-site regression pass. Initial failed test retained: FAIL — Production still serves /app.js?v=20260826-3 and lacks the origin-trial token, WebMCP status, and WebMCP import, while local source is v20260829-2. Evidence: qa_evidence/feature-audit-2026-08-29/commands/production-audit.txt.",Audit the MIRROR//LOOP website from several different user personas and improve it.
EM-001,Confirmation email expectation and consent clarity,Subscriber email,api/internal/subscriber/mailer.go; api/internal/subscriber/mailer_test.go,Post-quiz confirmation email,Quiz participant awaiting email,"As a quiz participant, I want the first email to explain what I requested and what confirming means, so that I can make an informed choice before joining the launch list.","The confirmation email states that the user requested a reflection, that the review page requires a deliberate confirmation, that confirmation sends the reflection and joins the occasional launch list, that unsubscribing is always available, and that the link expires in 48 hours. HTML and plain-text versions carry the same meaning.","PASS — Implemented explicit request context, dual-purpose confirmation disclosure, scanner-safe review wording, 48-hour expiry, unsubscribe control, fallback URL, preheader, and matching text body. Revalidated by current automated, browser, production, and security gates.",Verified,Automated Test + Code Review,"Capture the Resend payload from SendConfirmation; assert subject, HTML, and text explicitly describe the requested reflection, scanner-safe review step, launch-list consent, unsubscribe control, 48-hour expiry, and visible fallback URL.","PASS — Implemented explicit request context, dual-purpose confirmation disclosure, scanner-safe review wording, 48-hour expiry, unsubscribe control, fallback URL, preheader, and matching text body. Revalidated by current automated, browser, production, and security gates. Evidence: qa_evidence/feature-audit-2026-08-29/commands/node-gates.txt; qa_evidence/feature-audit-2026-08-29/commands/go-gates.txt; qa_evidence/feature-audit-2026-08-29/browser/local-browser-audit.json; qa_evidence/feature-audit-2026-08-29/commands/production-audit.txt; qa_evidence/feature-audit-2026-08-29/commands/content-security-gates.txt.",,None,No,"Implemented explicit request context, dual-purpose confirmation disclosure, scanner-safe review wording, 48-hour expiry, unsubscribe control, fallback URL, preheader, and matching text body.",api/internal/subscriber/mailer.go; api/internal/subscriber/mailer_test.go,4d835111b8ee24560deabafe60efc8499dc105ec,Run the same payload test after the tracker-backed fix; inspect both MIME alternatives for semantic parity and escaped links.,"PASS — Implemented explicit request context, dual-purpose confirmation disclosure, scanner-safe review wording, 48-hour expiry, unsubscribe control, fallback URL, preheader, and matching text body. Revalidated by current automated, browser, production, and security gates.",Verified,No,Audit scope is the email experience after the optional post-result signup. Baseline evidence: qa_evidence/email-audit/baseline-tests.txt. Final audit report: feature_qa_report.html. Prior evidence retained; included in 2026-08-29 full-site regression pass.,"Audit what users receive by email after the quiz, suggest improvements, and implement them so the website can build an audience before App Store release."
EM-002,Reflection email value parity,Subscriber email and scoring,api/internal/subscriber/model.go; api/internal/subscriber/mailer.go; web/lib/quiz-core.js; api/internal/subscriber/model_test.go; api/internal/subscriber/mailer_test.go,Confirmed reflection email,Confirmed subscriber,"As a confirmed subscriber, I want the emailed reflection to preserve the useful meaning I saw after the quiz, so that the message is worth keeping and acting on.","The email includes the primary pattern name, plain-language domain, concise interpretation, observed count out of 12, one practical prompt, and the same non-diagnostic boundary as the browser result.","PASS — Added canonical plain-language domains and reflection copy, stored evidence counts, result-bearing subject, primary interpretation, observed frequency, and practical prompt in HTML and text. Revalidated by current automated, browser, production, and security gates.",Verified,Automated Test + Cross-surface Review,"Score a known 12-answer set; capture SendReflection; compare primary domain, summary, count, practical prompt, and boundary against the canonical browser copy contract.","PASS — Added canonical plain-language domains and reflection copy, stored evidence counts, result-bearing subject, primary interpretation, observed frequency, and practical prompt in HTML and text. Revalidated by current automated, browser, production, and security gates. Evidence: qa_evidence/feature-audit-2026-08-29/commands/node-gates.txt; qa_evidence/feature-audit-2026-08-29/commands/go-gates.txt; qa_evidence/feature-audit-2026-08-29/browser/local-browser-audit.json; qa_evidence/feature-audit-2026-08-29/commands/production-audit.txt; qa_evidence/feature-audit-2026-08-29/commands/content-security-gates.txt.",,None,No,"Added canonical plain-language domains and reflection copy, stored evidence counts, result-bearing subject, primary interpretation, observed frequency, and practical prompt in HTML and text.",api/internal/subscriber/model.go; api/internal/subscriber/model_test.go; api/internal/subscriber/mailer.go; api/internal/subscriber/mailer_test.go; api/internal/subscriber/service_test.go,4d835111b8ee24560deabafe60efc8499dc105ec,Run model and mailer parity tests; inspect rendered HTML text and plain-text payload for all required content.,"PASS — Added canonical plain-language domains and reflection copy, stored evidence counts, result-bearing subject, primary interpretation, observed frequency, and practical prompt in HTML and text. Revalidated by current automated, browser, production, and security gates.",Verified,No,"The backend remains authoritative and stores only the compact scored result, not individual answers. Baseline evidence: qa_evidence/email-audit/baseline-tests.txt. Final audit report: feature_qa_report.html. Prior evidence retained; included in 2026-08-29 full-site regression pass.","Audit what users receive by email after the quiz, suggest improvements, and implement them so the website can build an audience before App Store release."
EM-003,Supporting-pattern evidence honesty,Subscriber scoring and email,api/internal/subscriber/model.go; api/internal/subscriber/model_test.go; api/internal/subscriber/mailer.go; api/internal/subscriber/mailer_test.go,Confirmed reflection email supporting section,Confirmed subscriber,"As a confirmed subscriber, I want a supporting pattern shown only when my choices support it, so that the email does not invent a second result.","A nonzero supporting pattern includes its name, plain-language summary, and observed count; when all 12 answers select one pattern, no zero-count supporting archetype is assigned or presented.","PASS — Score now records deterministic counts and assigns a supporting pattern only when its count is greater than zero; email rendering enforces the same condition. Revalidated by current automated, browser, production, and security gates.",Verified,Automated Test,Score twelve identical answers and assert there is no supporting pattern; score a split answer set and assert the supporting code and count are deterministic; capture both reflection emails and verify conditional rendering.,"PASS — Score now records deterministic counts and assigns a supporting pattern only when its count is greater than zero; email rendering enforces the same condition. Revalidated by current automated, browser, production, and security gates. Evidence: qa_evidence/feature-audit-2026-08-29/commands/node-gates.txt; qa_evidence/feature-audit-2026-08-29/commands/go-gates.txt; qa_evidence/feature-audit-2026-08-29/browser/local-browser-audit.json; qa_evidence/feature-audit-2026-08-29/commands/production-audit.txt; qa_evidence/feature-audit-2026-08-29/commands/content-security-gates.txt.",,None,No,Score now records deterministic counts and assigns a supporting pattern only when its count is greater than zero; email rendering enforces the same condition.,api/internal/subscriber/model.go; api/internal/subscriber/model_test.go; api/internal/subscriber/mailer.go; api/internal/subscriber/mailer_test.go; api/internal/subscriber/service_test.go,4d835111b8ee24560deabafe60efc8499dc105ec,Rerun zero-support and nonzero-support scoring and email payload tests after the fix.,"PASS — Score now records deterministic counts and assigns a supporting pattern only when its count is greater than zero; email rendering enforces the same condition. Revalidated by current automated, browser, production, and security gates.",Verified,No,Aligns the email with the browser’s existing supportingPattern zero-count safeguard. Baseline evidence: qa_evidence/email-audit/baseline-tests.txt. Final audit report: feature_qa_report.html. Prior evidence retained; included in 2026-08-29 full-site regression pass.,"Audit what users receive by email after the quiz, suggest improvements, and implement them so the website can build an audience before App Store release."
EM-004,Accessible and resilient email rendering,Subscriber email,api/internal/subscriber/mailer.go; api/internal/subscriber/mailer_test.go,Confirmation and reflection emails,"Mobile, assistive-technology, or plain-text email user","As a subscriber using any common email client or assistive technology, I want a readable message and usable links, so that I can complete the flow without relying on rich HTML.","Each email provides semantic, mobile-friendly inline-styled HTML; hidden preheader text; descriptive link labels; a visible copyable fallback URL where action is required; escaped dynamic values; and a complete plain-text alternative.","PASS — Added complete plain-text bodies, hidden preheaders, semantic table-based email layout, inline styles, descriptive action labels, fallback URL, escaping, and no remote images. Revalidated by current automated, browser, production, and security gates.",Verified,Automated Test + Accessibility Review,"Capture both Resend payloads; assert html and text parts exist; verify preheader, heading hierarchy, descriptive links, fallback URL, no external tracking image, and escaping of dynamic values.","PASS — Added complete plain-text bodies, hidden preheaders, semantic table-based email layout, inline styles, descriptive action labels, fallback URL, escaping, and no remote images. Revalidated by current automated, browser, production, and security gates. Evidence: qa_evidence/feature-audit-2026-08-29/commands/node-gates.txt; qa_evidence/feature-audit-2026-08-29/commands/go-gates.txt; qa_evidence/feature-audit-2026-08-29/browser/local-browser-audit.json; qa_evidence/feature-audit-2026-08-29/commands/production-audit.txt; qa_evidence/feature-audit-2026-08-29/commands/content-security-gates.txt.",,None,No,"Added complete plain-text bodies, hidden preheaders, semantic table-based email layout, inline styles, descriptive action labels, fallback URL, escaping, and no remote images.",api/internal/subscriber/mailer.go; api/internal/subscriber/mailer_test.go,4d835111b8ee24560deabafe60efc8499dc105ec,"Rerun payload tests and inspect generated HTML for semantic structure, inline styles, mobile width, and no unescaped dynamic content.","PASS — Added complete plain-text bodies, hidden preheaders, semantic table-based email layout, inline styles, descriptive action labels, fallback URL, escaping, and no remote images. Revalidated by current automated, browser, production, and security gates.",Verified,No,No tracking pixels or remote images should be added. Baseline evidence: qa_evidence/email-audit/baseline-tests.txt. Final audit report: feature_qa_report.html. Prior evidence retained; included in 2026-08-29 full-site regression pass.,"Audit what users receive by email after the quiz, suggest improvements, and implement them so the website can build an audience before App Store release."
EM-005,Launch-list relationship after delivery,Subscriber email,api/internal/subscriber/mailer.go; api/internal/subscriber/mailer_test.go,Confirmed reflection email footer,Confirmed launch-list subscriber,"As a launch-list subscriber, I want the delivered reflection to explain the ongoing relationship and my control, so that later product updates are expected rather than surprising.","The reflection email states that confirmation placed the user on the MIRROR//LOOP launch list for occasional App Store release and product updates, provides a working unsubscribe action, and names a monitored Reply-To route for help.","PASS — Reflection delivery now explains occasional App Store release and product updates, states that it is not a daily newsletter, preserves unsubscribe, and invites replies through configured Reply-To. Revalidated by current automated, browser, production, and security gates.",Verified,Automated Test + Content Review,"Capture the confirmed reflection payload; assert launch-list purpose, expected low-frequency update category, unsubscribe control, and configured Reply-To metadata are present without marketing overclaim.","PASS — Reflection delivery now explains occasional App Store release and product updates, states that it is not a daily newsletter, preserves unsubscribe, and invites replies through configured Reply-To. Revalidated by current automated, browser, production, and security gates. Evidence: qa_evidence/feature-audit-2026-08-29/commands/node-gates.txt; qa_evidence/feature-audit-2026-08-29/commands/go-gates.txt; qa_evidence/feature-audit-2026-08-29/browser/local-browser-audit.json; qa_evidence/feature-audit-2026-08-29/commands/production-audit.txt; qa_evidence/feature-audit-2026-08-29/commands/content-security-gates.txt.",,None,No,"Reflection delivery now explains occasional App Store release and product updates, states that it is not a daily newsletter, preserves unsubscribe, and invites replies through configured Reply-To.",api/internal/subscriber/mailer.go; api/internal/subscriber/mailer_test.go,4d835111b8ee24560deabafe60efc8499dc105ec,Run reflection payload and Reply-To regression tests after the tracker-backed fix.,"PASS — Reflection delivery now explains occasional App Store release and product updates, states that it is not a daily newsletter, preserves unsubscribe, and invites replies through configured Reply-To. Revalidated by current automated, browser, production, and security gates.",Verified,No,The existing consent copy already authorizes the reflection and occasional MIRROR//LOOP updates. Baseline evidence: qa_evidence/email-audit/baseline-tests.txt. Final audit report: feature_qa_report.html. Prior evidence retained; included in 2026-08-29 full-site regression pass.,"Audit what users receive by email after the quiz, suggest improvements, and implement them so the website can build an audience before App Store release."
ST-001,Storefront orientation,Storefront,web/shop.html; web/shop.js; web/styles.css,/shop,Prospective buyer,"As a prospective buyer, I want to understand the available digital card editions immediately, so that I can choose the right collection confidently.","The first viewport clearly states digital fulfillment, ARC versus complete-deck choices, edition differences, and secure checkout without unsupported physical-product claims.","PASS — desktop/mobile storefront copy identifies digital editions, ARC/complete choices, and secure Stripe checkout without physical claims.",Verified,Browser + responsive,"Open /shop at desktop and mobile widths; inspect heading, product promise, fulfillment statement, and first actionable products.","PASS — desktop/mobile storefront copy identifies digital editions, ARC/complete choices, and secure Stripe checkout without physical claims. Evidence: qa_evidence/feature-audit-2026-08-29/browser/local-browser-audit.json; qa_evidence/feature-audit-2026-08-29/commands/node-gates.txt.",,None,No,No change required.,,,Repeat the initial steps after any tracker-backed change and run adjacent regression tests.,"PASS — desktop/mobile storefront copy identifies digital editions, ARC/complete choices, and secure Stripe checkout without physical claims.",Verified,No,,"Feature audit: make mirrorloopai.com a first-class WebMCP experience that brings paying users and competes strongly, while preserving explicit human purchase control."
ST-002,Complete product catalog,Storefront,web/data/shop.json; web/shop.js,/shop#collections; /shop#arcs,Prospective buyer,"As a buyer, I want to browse every ARC and complete edition, so that I can buy the exact material I want.","The catalog renders 24 ARC products and four complete products with unique SKU, title, edition, description, and image; no public prices or Stripe IDs appear.","PASS — 28 products render (24 ARC + 4 complete), all images exist, and public catalog exposes no price or Stripe ID.",Verified,Automated + browser,Validate all 28 catalog entries and images; load /shop and count rendered collection and ARC cards; scan public payload for prices and Stripe identifiers.,"PASS — 28 products render (24 ARC + 4 complete), all images exist, and public catalog exposes no price or Stripe ID. Evidence: qa_evidence/feature-audit-2026-08-29/browser/local-browser-audit.json; qa_evidence/feature-audit-2026-08-29/commands/node-gates.txt.",,None,No,No change required.,,,Repeat the initial steps after any tracker-backed change and run adjacent regression tests.,"PASS — 28 products render (24 ARC + 4 complete), all images exist, and public catalog exposes no price or Stripe ID.",Verified,No,,"Feature audit: make mirrorloopai.com a first-class WebMCP experience that brings paying users and competes strongly, while preserving explicit human purchase control."
ST-003,Edition filtering,Storefront,web/shop.html; web/shop.js,/shop#arcs edition filters,Buyer comparing styles,"As a buyer comparing styles, I want to filter ARC products by Mono or Full Color, so that I can focus on my preferred visual treatment.","All, Mono, and Full Color controls expose selected state and render 24, 12, and 12 ARC products respectively without hiding complete collections.",PASS — All/Mono/Full Color filters render 24/12/12 ARC cards with aria-pressed=true on the active control.,Verified,Browser interaction,Activate each filter with mouse and keyboard; verify aria-pressed state and visible ARC/collection counts.,PASS — All/Mono/Full Color filters render 24/12/12 ARC cards with aria-pressed=true on the active control. Evidence: qa_evidence/feature-audit-2026-08-29/browser/local-browser-audit.json; qa_evidence/feature-audit-2026-08-29/commands/node-gates.txt.,,None,No,No change required.,,,Repeat the initial steps after any tracker-backed change and run adjacent regression tests.,PASS — All/Mono/Full Color filters render 24/12/12 ARC cards with aria-pressed=true on the active control.,Verified,No,,"Feature audit: make mirrorloopai.com a first-class WebMCP experience that brings paying users and competes strongly, while preserving explicit human purchase control."
ST-004,Cart add remove and review,Cart,web/shop.js; web/shop.html,/shop cart controls,Buyer,"As a buyer, I want to add, remove, and review editions before checkout, so that I remain in control of my order.",Product buttons toggle selection; cart count and rows match unique selected SKUs; remove and close controls work; no duplicate line is possible.,PASS — two distinct products produce cart count 2 and two review rows; removal/close behavior is implemented and browser tested.,Verified,Browser interaction,"Add ARC and complete editions; open cart; verify count and rows; remove each item; close with button, backdrop, and Escape.",PASS — two distinct products produce cart count 2 and two review rows; removal/close behavior is implemented and browser tested. Evidence: qa_evidence/feature-audit-2026-08-29/browser/local-browser-audit.json; qa_evidence/feature-audit-2026-08-29/commands/node-gates.txt.,,None,No,No change required.,,,Repeat the initial steps after any tracker-backed change and run adjacent regression tests.,PASS — two distinct products produce cart count 2 and two review rows; removal/close behavior is implemented and browser tested.,Verified,No,,"Feature audit: make mirrorloopai.com a first-class WebMCP experience that brings paying users and competes strongly, while preserving explicit human purchase control."
ST-005,Cart persistence and recovery,Cart,web/shop.js,/shop local cart,Returning buyer,"As a returning buyer, I want my unfinished cart to survive a reload, so that I can continue without rebuilding it.","Valid selected SKUs persist locally, unavailable entries are discarded, and storage denial leaves the current page usable.",PASS — two valid SKUs restore after reload; storage fallback is guarded in code.,Verified,Browser + automated,"Add two items, reload, verify restoration; inject unknown SKU and reload; simulate unavailable storage and verify cart still works in memory.",PASS — two valid SKUs restore after reload; storage fallback is guarded in code. Evidence: qa_evidence/feature-audit-2026-08-29/browser/local-browser-audit.json; qa_evidence/feature-audit-2026-08-29/commands/node-gates.txt.,,None,No,No change required.,,,Repeat the initial steps after any tracker-backed change and run adjacent regression tests.,PASS — two valid SKUs restore after reload; storage fallback is guarded in code.,Verified,No,,"Feature audit: make mirrorloopai.com a first-class WebMCP experience that brings paying users and competes strongly, while preserving explicit human purchase control."
ST-006,Secure hosted checkout handoff,Checkout,web/shop.js; api/internal/commerce/checkout.go; api/internal/commerce/catalog_gen.go,POST /api/v1/checkout-sessions,Ready-to-buy customer,"As a ready-to-buy customer, I want a secure hosted checkout showing authoritative prices, so that I can review and authorize payment safely.","The browser sends only allowlisted SKUs; the server maps them to prices, creates a Stripe-hosted HTTPS session, rejects malformed or cross-origin carts, and never lets an agent initiate payment.",PASS — adding a real catalog item enables the checkout action and the same-origin server returns an HTTPS checkout.stripe.com session without exposing secrets or initiating payment automatically.,Fixed,Automated integration + production smoke,Test valid/invalid/duplicate/oversized carts and allowed origin; inspect Checkout URL validation; on production verify checkout availability without completing a charge.,PASS — local cart activation and production checkout handoff verified without payment. Evidence: qa_evidence/feature-audit-2026-08-29/browser/local-browser-audit.json; qa_evidence/feature-audit-2026-08-29/commands/production-retest.txt.,INITIAL FAILURE — Paying users cannot enter the already-operational Stripe Checkout flow from the storefront.,Critical,Yes,"Enabled the audited storefront configuration while preserving server-owned SKU validation, same-origin enforcement, and Stripe-hosted payment.",web/config.js; web/shop.js; web/tests/shop.test.mjs,9740b57,Repeat the documented scenario on the deployed origin and rerun the targeted automated and browser regression gates.,PASS — cart selection enables checkout; production API returns 201 with HTTPS checkout.stripe.com host. No payment was performed.,Verified,No,"The product owner authorized checkout activation; payment remains an explicit human action. Initial failed test retained: FAIL — The production checkout endpoint returns a valid checkout.stripe.com Session URL, but both local and production config set shopEnabled:false, leaving the public checkout button disabled. Evidence: qa_evidence/feature-audit-2026-08-29/commands/production-audit.txt.","Feature audit: make mirrorloopai.com a first-class WebMCP experience that brings paying users and competes strongly, while preserving explicit human purchase control."
ST-007,Checkout return states,Checkout,web/shop.js,/shop?checkout=success; /shop?checkout=cancelled,Checkout customer,"As a customer returning from Stripe, I want a clear success or cancellation state, so that I know what happens next.",Success clears the local cart and explains receipt/fulfillment; cancellation preserves the cart and explains that no purchase was completed.,PASS — cancellation preserves count 2; success clears to 0; both open the cart with explanatory messages.,Verified,Browser interaction,Seed cart; open success URL and verify clearing/message; repeat cancellation URL and verify preservation/message.,PASS — cancellation preserves count 2; success clears to 0; both open the cart with explanatory messages. Evidence: qa_evidence/feature-audit-2026-08-29/browser/local-browser-audit.json; qa_evidence/feature-audit-2026-08-29/commands/node-gates.txt.,,None,No,No change required.,,,Repeat the initial steps after any tracker-backed change and run adjacent regression tests.,PASS — cancellation preserves count 2; success clears to 0; both open the cart with explanatory messages.,Verified,No,,"Feature audit: make mirrorloopai.com a first-class WebMCP experience that brings paying users and competes strongly, while preserving explicit human purchase control."
ST-008,Purchase terms and support,Trust and support,web/terms.html; web/shop.html,/terms; /shop delivery note,Buyer,"As a buyer, I want clear digital-delivery, license, refund, and support terms before payment, so that I understand the purchase.","Terms accurately describe digital delivery, fulfillment timing, personal-use license, refund conditions, and a functioning support contact; shop links to them before checkout.","PASS — digital delivery, 24-hour support, 14-day issue window, personal-use license, and support link are present.",Verified,Content + link review,Open /terms and shop terms links; verify statements against catalog and fulfillment code; activate support mail link.,"PASS — digital delivery, 24-hour support, 14-day issue window, personal-use license, and support link are present. Evidence: qa_evidence/feature-audit-2026-08-29/browser/local-browser-audit.json; qa_evidence/feature-audit-2026-08-29/commands/node-gates.txt.",,None,No,No change required.,,,Repeat the initial steps after any tracker-backed change and run adjacent regression tests.,"PASS — digital delivery, 24-hour support, 14-day issue window, personal-use license, and support link are present.",Verified,No,,"Feature audit: make mirrorloopai.com a first-class WebMCP experience that brings paying users and competes strongly, while preserving explicit human purchase control."
WM-001,WebMCP capability detection and fallback,WebMCP,web/index.html; web/app.js; web/lib/webmcp.js,/ quiz introduction,Direct visitor and agent-enabled visitor,"As a visitor, I want the page to work with or without an AI-capable browser, so that browser support never blocks the reflection.",Supported browsers display the available tool count; unsupported browsers receive a plain fallback message and retain the complete direct quiz.,PASS — injected context registers eight tools and direct mode remains usable; unsupported-mode fallback is implemented.,Verified,Automated + browser,"Run with injected modelContext and without it; verify status text, body state, eight tools, and direct quiz usability.",PASS — injected context registers eight tools and direct mode remains usable; unsupported-mode fallback is implemented. Evidence: qa_evidence/feature-audit-2026-08-29/browser/local-browser-audit.json; qa_evidence/feature-audit-2026-08-29/commands/node-gates.txt.,,None,No,No change required.,,,Repeat the initial steps after any tracker-backed change and run adjacent regression tests.,PASS — injected context registers eight tools and direct mode remains usable; unsupported-mode fallback is implemented.,Verified,No,,"Feature audit: make mirrorloopai.com a first-class WebMCP experience that brings paying users and competes strongly, while preserving explicit human purchase control."
WM-002,Agent starts a private reflection,WebMCP,web/lib/webmcp.js; web/app.js,start_reflection,Agent-assisted participant,"As an agent-assisted participant, I want my agent to start or reset the reflection, so that the visible page and tool state begin together.","The tool resets ephemeral answers, opens question 1, reports privacy and length, does not echo the private focus, and performs no external write.","PASS — session resets locally, returns 12-question/privacy metadata, and focus is not echoed.",Verified,Automated + browser,Call with empty and bounded focus; inspect DOM and response; verify overlong and unknown fields reject; verify no network write beyond aggregate start analytics.,"PASS — session resets locally, returns 12-question/privacy metadata, and focus is not echoed. Evidence: qa_evidence/feature-audit-2026-08-29/browser/local-browser-audit.json; qa_evidence/feature-audit-2026-08-29/commands/node-gates.txt.",,None,No,No change required.,,,Repeat the initial steps after any tracker-backed change and run adjacent regression tests.,"PASS — session resets locally, returns 12-question/privacy metadata, and focus is not echoed.",Verified,No,,"Feature audit: make mirrorloopai.com a first-class WebMCP experience that brings paying users and competes strongly, while preserving explicit human purchase control."
WM-003,Agent reads the current question,WebMCP,web/lib/webmcp.js; web/app.js; web/data/quiz.json,get_current_question,Agent-assisted participant,"As an agent-assisted participant, I want my agent to read the active question and all choices, so that it can explain the decision without guessing.","The tool requires an active session and returns the current ID, stage, prompt, and all 12 code/label/glyph choices from canonical quiz data.",PASS — current question returns 12 canonical options after start and rejects before start.,Verified,Automated + browser,Call before start and expect error; start; call at question 1 and after advancing; compare payload with visible DOM and quiz JSON.,PASS — current question returns 12 canonical options after start and rejects before start. Evidence: qa_evidence/feature-audit-2026-08-29/browser/local-browser-audit.json; qa_evidence/feature-audit-2026-08-29/commands/node-gates.txt.,,None,No,No change required.,,,Repeat the initial steps after any tracker-backed change and run adjacent regression tests.,PASS — current question returns 12 canonical options after start and rejects before start.,Verified,No,,"Feature audit: make mirrorloopai.com a first-class WebMCP experience that brings paying users and competes strongly, while preserving explicit human purchase control."
WM-004,Agent explains a choice without selecting it,WebMCP,web/lib/webmcp.js; web/app.js; web/lib/quiz-core.js,explain_choice,Uncertain participant,"As a participant uncertain about a choice, I want a plain-language explanation before selecting it, so that I retain informed agency.",A valid question and choice return meaning and prompt with NOT_SELECTED status; invalid or unknown input rejects; quiz state and DOM remain unchanged.,PASS — explanation returns NOT_SELECTED and does not mutate answer state.,Verified,Automated + browser,Call valid and invalid combinations; compare before/after current question and answer review; scan response size and private-data boundary.,PASS — explanation returns NOT_SELECTED and does not mutate answer state. Evidence: qa_evidence/feature-audit-2026-08-29/browser/local-browser-audit.json; qa_evidence/feature-audit-2026-08-29/commands/node-gates.txt.,,None,No,No change required.,,,Repeat the initial steps after any tracker-backed change and run adjacent regression tests.,PASS — explanation returns NOT_SELECTED and does not mutate answer state.,Verified,No,,"Feature audit: make mirrorloopai.com a first-class WebMCP experience that brings paying users and competes strongly, while preserving explicit human purchase control."
WM-005,Human-confirmed agent answer,WebMCP,web/lib/webmcp.js; web/app.js,answer_reflection_question,Agent-assisted participant,"As a participant, I want my agent to record only choices I explicitly confirm, so that it cannot decide the reflection for me.","The tool requires confirmed_by_user=true, only accepts the active question and available choice, advances exactly once, and reports next action.",PASS — unconfirmed answer rejects; confirmed answers advance one stage; skip/schema tests pass.,Verified,Automated + browser,"Attempt unconfirmed, skipped, repeated, malformed, and confirmed answers; inspect calls, DOM progress, and answer count.",PASS — unconfirmed answer rejects; confirmed answers advance one stage; skip/schema tests pass. Evidence: qa_evidence/feature-audit-2026-08-29/browser/local-browser-audit.json; qa_evidence/feature-audit-2026-08-29/commands/node-gates.txt.,,None,No,No change required.,,,Repeat the initial steps after any tracker-backed change and run adjacent regression tests.,PASS — unconfirmed answer rejects; confirmed answers advance one stage; skip/schema tests pass.,Verified,No,,"Feature audit: make mirrorloopai.com a first-class WebMCP experience that brings paying users and competes strongly, while preserving explicit human purchase control."
WM-006,Agent reviews recorded answers,WebMCP,web/lib/webmcp.js; web/app.js,review_reflection_answers,Participant checking consistency,"As a participant, I want to review the choices already recorded, so that I can catch misunderstandings before completion.","The read-only tool returns only recorded question/code pairs and totals, changes no state, and leaks no focus area or source corpus.",PASS — review returns 12 recorded question/code pairs without private focus or corpora.,Verified,Automated + browser,"Review at zero, partial, and 12 answers; compare with choices; repeat and verify no DOM/state mutation.",PASS — review returns 12 recorded question/code pairs without private focus or corpora. Evidence: qa_evidence/feature-audit-2026-08-29/browser/local-browser-audit.json; qa_evidence/feature-audit-2026-08-29/commands/node-gates.txt.,,None,No,No change required.,,,Repeat the initial steps after any tracker-backed change and run adjacent regression tests.,PASS — review returns 12 recorded question/code pairs without private focus or corpora.,Verified,No,,"Feature audit: make mirrorloopai.com a first-class WebMCP experience that brings paying users and competes strongly, while preserving explicit human purchase control."
WM-007,Agent completes and displays reflection,WebMCP,web/lib/webmcp.js; web/app.js; web/lib/quiz-core.js,complete_reflection,Agent-assisted participant,"As a participant, I want my agent to complete the reflection only after all questions, so that I receive the same visible, bounded result as a direct user.","Premature completion rejects; complete input uses deterministic scoring, displays the result, and returns primary/supporting lenses, bounded action, and non-diagnostic boundary.",PASS — full agent flow resolves Horizon Signal and matches direct deterministic scoring and visible result.,Verified,Automated + browser,Attempt after fewer than 12 answers; answer all; complete; compare tool payload with visible result and direct scoring test.,PASS — full agent flow resolves Horizon Signal and matches direct deterministic scoring and visible result. Evidence: qa_evidence/feature-audit-2026-08-29/browser/local-browser-audit.json; qa_evidence/feature-audit-2026-08-29/commands/node-gates.txt.,,None,No,No change required.,,,Repeat the initial steps after any tracker-backed change and run adjacent regression tests.,PASS — full agent flow resolves Horizon Signal and matches direct deterministic scoring and visible result.,Verified,No,,"Feature audit: make mirrorloopai.com a first-class WebMCP experience that brings paying users and competes strongly, while preserving explicit human purchase control."
WM-008,Agent retrieves one public card,WebMCP,web/lib/webmcp.js; web/app.js; web/data/cards.json,get_card,Card explorer,"As a card explorer, I want my agent to retrieve one card by identifier, so that I can understand its public meaning without exposing private source material.","IDs 001–144 return bounded public metadata; malformed/out-of-range IDs reject; generation prompts, internal evaluation, and private corpora never appear.",PASS — Card 144 returns bounded public metadata; 144-card completeness and forbidden-field scans pass.,Verified,Automated + security,Call boundary and representative IDs plus malformed values; compare with 144-card registry; run forbidden-field and secret scans.,PASS — Card 144 returns bounded public metadata; 144-card completeness and forbidden-field scans pass. Evidence: qa_evidence/feature-audit-2026-08-29/browser/local-browser-audit.json; qa_evidence/feature-audit-2026-08-29/commands/node-gates.txt.,,None,No,No change required.,,,Repeat the initial steps after any tracker-backed change and run adjacent regression tests.,PASS — Card 144 returns bounded public metadata; 144-card completeness and forbidden-field scans pass.,Verified,No,,"Feature audit: make mirrorloopai.com a first-class WebMCP experience that brings paying users and competes strongly, while preserving explicit human purchase control."
WM-009,Agent recommends a relevant digital edition,WebMCP conversion,web/lib/webmcp.js; web/app.js; web/data/shop.json,recommend_card_edition,Participant considering a purchase,"As a participant considering deeper use, I want a relevant edition recommendation, so that I can find the matching product without surrendering purchase control.","The read-only tool uses explicit ARC or completed primary lens plus edition/scope, returns a real digital catalog item and /shop path, and exposes neither price nor direct Stripe URL.",PASS — completed primary lens maps to ARC 01 Full-Color; output declares digital_download and no price/direct Stripe URL.,Verified,Automated + browser,"Test explicit ARC, completed-result fallback, complete visual/insight scopes, malformed input, missing context, and response for price/URL leakage.",PASS — completed primary lens maps to ARC 01 Full-Color; output declares digital_download and no price/direct Stripe URL. Evidence: qa_evidence/feature-audit-2026-08-29/browser/local-browser-audit.json; qa_evidence/feature-audit-2026-08-29/commands/node-gates.txt.,,None,No,No change required.,,,Repeat the initial steps after any tracker-backed change and run adjacent regression tests.,PASS — completed primary lens maps to ARC 01 Full-Color; output declares digital_download and no price/direct Stripe URL.,Verified,No,,"Feature audit: make mirrorloopai.com a first-class WebMCP experience that brings paying users and competes strongly, while preserving explicit human purchase control."
WM-010,WebMCP security and commerce boundary,WebMCP safety,web/lib/webmcp.js; api/internal/commerce/checkout.go,All WebMCP tools,Participant and buyer,"As a participant, I want AI assistance bounded to explanation and local navigation, so that email, contracts, and payments remain my explicit actions.","Every schema rejects unknown fields; same-origin scope is retained; annotations match read/write behavior; no tool submits email, mutates cart, creates checkout, or sends payment.","PASS — strict schemas, same-origin registration, annotations, and no email/cart/checkout tool path verified.",Verified,Automated security review,Inspect all registrations and annotations; fuzz unknown properties; scan tool definitions for email/checkout/payment calls and cross-origin exposure.,"PASS — strict schemas, same-origin registration, annotations, and no email/cart/checkout tool path verified. Evidence: qa_evidence/feature-audit-2026-08-29/browser/local-browser-audit.json; qa_evidence/feature-audit-2026-08-29/commands/node-gates.txt.",,None,No,No change required.,,,Repeat the initial steps after any tracker-backed change and run adjacent regression tests.,"PASS — strict schemas, same-origin registration, annotations, and no email/cart/checkout tool path verified.",Verified,No,,"Feature audit: make mirrorloopai.com a first-class WebMCP experience that brings paying users and competes strongly, while preserving explicit human purchase control."
WM-011,Native public-origin WebMCP discovery,WebMCP release,web/index.html; web/app.js; web/lib/webmcp.js; firebase.json,https://mirrorloopai.com/ in Chrome WebMCP Inspector,Competition judge using Chrome,"As a competition judge, I want Chrome to discover and execute the live tools immediately, so that I can evaluate a working public submission.",The deployed origin contains a valid origin-trial token and current bundle; native Inspector discovers eight tools with correct schemas and can execute a safe start/read/explain flow.,PASS — the public origin serves the origin-trial token and current WebMCP bundle; connected user Chrome reports AI-guided reflection ready with 8 tools available.,Fixed,Production browser + Inspector,Fetch deployed HTML/bundle; open current Chrome with WebMCP enabled; inspect native tool list; execute safe read/local tools; capture screenshot and console/network evidence.,PASS — public curl checks and native connected-Chrome registration status verified. Evidence: qa_evidence/feature-audit-2026-08-29/commands/production-retest.txt; qa_evidence/feature-audit-2026-08-29/browser/production-chrome-audit.json; qa_evidence/feature-audit-2026-08-29/screenshots/production-chrome-webmcp.jpg.,INITIAL FAILURE — Chrome cannot discover any MIRROR//LOOP tools on the public competition origin.,Critical,Yes,Deployed the origin-trial-enabled current bundle and verified successful browser-native registration on mirrorloopai.com.,web/index.html; web/app.js; web/lib/webmcp.js; firebase.json,9740b57,Repeat the documented scenario on the deployed origin and rerun the targeted automated and browser regression gates.,PASS — user Chrome loaded the public origin with data-active=true and “8 tools available”; the live direct reflection also completed successfully.,Verified,No,Native Inspector—not an injected test double—is the release authority. Initial failed test retained: FAIL — The deployed HTML has no origin-trial token or WebMCP status and the deployed app bundle has no installMirrorLoopWebMCP import. Evidence: qa_evidence/feature-audit-2026-08-29/commands/production-audit.txt.,"Feature audit: make mirrorloopai.com a first-class WebMCP experience that brings paying users and competes strongly, while preserving explicit human purchase control."
CV-001,Reflection-to-collection next step,Conversion,web/index.html; web/app.js; web/shop.html,Result panel,Participant who received value,"As a participant who found the reflection useful, I want a clear optional path to the relevant card collection, so that I can continue with a product that matches my result.","After result delivery, the page offers a non-coercive collection action alongside email and retake; it explains digital fulfillment and keeps purchase optional.",PASS — a completed reflection now shows a non-coercive matching ARC action that links to the highlighted Mono and Full-Color ARC editions.,Fixed,Browser + content,"Complete quiz directly and through WebMCP; inspect result actions, destination, wording, focus order, and mobile layout.",PASS — local and production Chrome completed ARC 01 result and resolved /shop.html?arc=01#arcs with two highlighted products. Evidence: qa_evidence/feature-audit-2026-08-29/browser/local-browser-audit.json; qa_evidence/feature-audit-2026-08-29/browser/production-chrome-audit.json.,INITIAL FAILURE — Users who receive value have no contextual path to the paid collection.,High,Yes,"Added a post-result collection card, deterministic ARC query link, and matching product highlights while keeping purchase optional.",web/index.html; web/app.js; web/shop.js; web/styles.css,9740b57,Repeat the documented scenario on the deployed origin and rerun the targeted automated and browser regression gates.,PASS — result CTA reads “Explore ARC 01 · Horizon Signal”; destination highlights exactly the two ARC 01 editions and checkout stays user-controlled.,Verified,No,"Initial failed test retained: FAIL — After direct completion the result panel exposes only the privacy link, email form, and retake button; no collection action or matched edition is visible. Evidence: qa_evidence/feature-audit-2026-08-29/browser/local-browser-audit.json.","Feature audit: make mirrorloopai.com a first-class WebMCP experience that brings paying users and competes strongly, while preserving explicit human purchase control."
CV-002,Cross-route journey continuity,Navigation and conversion,web/index.html; web/shop.html; web/terms.html; web/privacy.html,"Home, quiz, shop, terms, privacy",Visitor moving between reflection and purchase,"As a visitor, I want predictable navigation among the reflection, collection, terms, and privacy pages, so that I never lose orientation.",All primary/footer links resolve; shop returns to reflection; legal pages return to relevant journey; clean URLs and legacy .html URLs behave consistently.,PASS — all internal links resolve; clean and .html routes respond or redirect consistently.,Verified,Automated links + browser,Crawl internal links and redirects; activate primary/footer/legal return links at desktop and mobile sizes; verify headings and focus destinations.,PASS — all internal links resolve; clean and .html routes respond or redirect consistently. Evidence: qa_evidence/feature-audit-2026-08-29/browser/local-browser-audit.json; qa_evidence/feature-audit-2026-08-29/commands/node-gates.txt.,,None,No,No change required.,,,Repeat the initial steps after any tracker-backed change and run adjacent regression tests.,PASS — all internal links resolve; clean and .html routes respond or redirect consistently.,Verified,No,,"Feature audit: make mirrorloopai.com a first-class WebMCP experience that brings paying users and competes strongly, while preserving explicit human purchase control."
CP-001,Agent and crawler discovery metadata,Competition presentation,web/llms.txt; web/robots.txt; web/sitemap.xml; web/index.html,/llms.txt; /robots.txt; /sitemap.xml; document head,"Judge, agent, and crawler","As a judge or compatible agent, I want accurate public metadata describing the experience, so that I can discover its purpose and safe entry points.","Metadata names the quiz and collection truthfully, includes current canonical routes, avoids private implementation claims, and does not advertise unavailable capabilities.","PASS — llms.txt now documents the reflection, all eight tools, commerce boundary, shop, privacy, and terms routes.",Fixed,Automated content + production smoke,Parse metadata and sitemap; compare routes and descriptions with deployed features; verify HTTP status and content type.,PASS — local validation and production metadata checks found recommend_card_edition and the collection route. Evidence: qa_evidence/feature-audit-2026-08-29/commands/retest-node-gates.txt; qa_evidence/feature-audit-2026-08-29/commands/production-retest.txt.,INITIAL FAILURE — Agent-facing discovery metadata is incomplete for the competition and commerce experience.,Medium,Yes,"Expanded agent-facing metadata with accurate tool inventory, public routes, and non-agent payment boundary.",web/llms.txt; scripts/validate-site.mjs,9740b57,Repeat the documented scenario on the deployed origin and rerun the targeted automated and browser regression gates.,PASS — validation and public-origin checks confirm current WebMCP and shop metadata.,Verified,No,Initial failed test retained: FAIL — llms.txt describes only the quiz and privacy page; it omits the shop and all eight WebMCP tools. Evidence: qa_evidence/feature-audit-2026-08-29/commands/metadata-links.txt.,"Feature audit: make mirrorloopai.com a first-class WebMCP experience that brings paying users and competes strongly, while preserving explicit human purchase control."
WM-012,Revise a prior agent-recorded answer,WebMCP agency,web/lib/webmcp.js; web/app.js,answer_reflection_question,Agent-assisted participant,"As an agent-assisted participant, I want to correct a previously recorded choice, so that one misunderstanding does not force me to restart the whole reflection.","With explicit human confirmation, the existing answer tool may update an already answered earlier question without advancing or disturbing the current question; unanswered future questions remain forbidden.",PASS — a confirmed prior answer can be revised without advancing the active question; future unanswered questions still reject.,Fixed,Automated + browser,Start; answer questions 1 and 2; explicitly confirm a different choice for question 1; verify question 1 changes while question 3 remains active; attempt future question and expect rejection.,PASS — revised question 1 from 01 to 02 while question 3 remained active; question 4 skip rejected; final review preserved the revision. Evidence: qa_evidence/feature-audit-2026-08-29/browser/local-browser-audit.json; qa_evidence/feature-audit-2026-08-29/commands/retest-node-gates.txt.,INITIAL FAILURE — Agent-assisted users cannot correct a prior answer without restarting.,High,Yes,"Extended the existing confirmed answer path to revise recorded answers without changing current progress, including completed reflections.",web/app.js; web/lib/webmcp.js; web/tests/webmcp.test.mjs,9740b57,Repeat the documented scenario on the deployed origin and rerun the targeted automated and browser regression gates.,PASS — revision returned revised=true/current_question_id=3; review shows question 1 choice 02; future skip remained blocked.,Verified,No,"Keep the suite at eight tools by safely extending answer_reflection_question rather than adding a payment-adjacent or redundant tool. Initial failed test retained: FAIL — answer_reflection_question rejects every question other than the active one, including already answered questions. Evidence: qa_evidence/feature-audit-2026-08-29/browser/local-browser-audit.json.","Feature audit: make mirrorloopai.com a first-class WebMCP experience that brings paying users and competes strongly, while preserving explicit human purchase control."
